source_name,source_type,category,url,priority,active
Lim Nature (WP),seller,seller,https://www.amazon.com/s?i=merchant-items&me=A1JK5EDV3DM6K&s=exact-aware-popularity-rank&ds=v1%3AkcXuCeFAqqEArZv7jx%2BudMoqrxQhVK3zQGjamTpt6YM&marketplaceID=ATVPDKIKX0DER&qid=1778752536&ref=sr_st_exact-aware-popularity-rank,1,yes
Peties Store (WP),seller,seller,https://www.amazon.com/s?i=merchant-items&me=A143D6QWFZ303M&s=exact-aware-popularity-rank&ds=v1%3Ab8YKBOL8AtsS1IgQG6TsY8talfiTbUFBQGly9npIL1U&marketplaceID=ATVPDKIKX0DER&qid=1776045897&ref=sr_st_exact-aware-popularity-rank,1,yes
Pawfect House Gifts (PFH),seller,seller,https://www.amazon.com/s?i=merchant-items&me=AOZ4YNQPOAR1B&s=exact-aware-popularity-rank&ds=v1%3AC1u24%2FAHRVG6as5gShRu3N7oYXA6bjInWr2ktA3SD5k&marketplaceID=ATVPDKIKX0DER&qid=1776045996&ref=sr_st_exact-aware-popularity-rank,1,yes
MA Commerce (MC),seller,seller,https://www.amazon.com/s?i=merchant-items&me=A3IJKC1NDEWYPR&s=exact-aware-popularity-rank&ds=v1%3AkEwp4aFNK3lZTYLGu6qb2EXuf5d7aWkCpxwC3smOObM&marketplaceID=ATVPDKIKX0DER&qid=1776046069&ref=sr_st_exact-aware-popularity-rank,1,yes
ZuneArt (Warrior),seller,seller,https://www.amazon.com/s?i=merchant-items&me=A15T7O8I2EPBUZ&s=exact-aware-popularity-rank&ds=v1%3A31fy69i5WkDT%2BCKADsgzf0KJ5dDH21fVCGztsujN%2Fic&marketplaceID=ATVPDKIKX0DER&qid=1776046083&ref=sr_st_exact-aware-popularity-rank,1,yes
LASFOUR (Warrior),seller,seller,https://www.amazon.com/s?i=merchant-items&me=A1HHNBJES4IIQK&s=exact-aware-popularity-rank&ds=v1%3A5GI1qv47ulI6PjEg%2BMwJSl1ECFjNO6B6JQaZbR7In%2BE&marketplaceID=ATVPDKIKX0DER&qid=1776046094&ref=sr_st_exact-aware-popularity-rank,1,yes
DDK Trading,seller,seller,https://www.amazon.com/s?i=merchant-items&me=A3LCWSWGMXIKGW&s=exact-aware-popularity-rank&ds=v1%3AOssb3slwMGkeRk56DVAweI6zNMkmnR8sgoR42YLe28E&marketplaceID=ATVPDKIKX0DER&qid=1776148939&ref=sr_st_exact-aware-popularity-rank,1,yes
GoPod Shop,seller,seller,https://www.amazon.com/s?i=merchant-items&me=A28R89VR0HHNA3&s=exact-aware-popularity-rank&ds=v1%3AXlAxT7yXBaWckTueeBw9oCKaHz%2FRq2dEWLtSd1ZC5ks&marketplaceID=ATVPDKIKX0DER&qid=1776149674&ref=sr_st_exact-aware-popularity-rank,1,yes
LOVELY POD,seller,seller,https://www.amazon.com/s?i=merchant-items&me=A93U4ZXZ7ADFH&s=exact-aware-popularity-rank&ds=v1%3AIHIjZ627MnSOG8oEQHnwH4DFI469FqdkQ82v9YA%2BC0Q&marketplaceID=ATVPDKIKX0DER&qid=1776149698&ref=sr_st_exact-aware-popularity-rank,1,yes
NTK Trading,seller,seller,https://www.amazon.com/s?i=merchant-items&me=A2O16L260MUKK9&s=exact-aware-popularity-rank&ds=v1%3A88U2I9vmO9jwrlmCxhdtr3NBGqZLd03%2FJlRVu5nmaDU&marketplaceID=ATVPDKIKX0DER&qid=1776149723&ref=sr_st_exact-aware-popularity-rank,1,yes
Giant Big Hands,seller,seller,https://www.amazon.com/s?i=merchant-items&me=A2A6U8L88CPMNT&s=exact-aware-popularity-rank&ds=v1%3A8SoZoLZxzv52mfhI05Z7k2D0IaGPbcP%2B5RJ60pJMdto&marketplaceID=ATVPDKIKX0DER&qid=1776149740&ref=sr_st_exact-aware-popularity-rank,1,yes
LOVELYTEE,seller,seller,https://www.amazon.com/s?i=merchant-items&me=A2WJ2LRSFW5CYV&s=exact-aware-popularity-rank&ds=v1%3All0hmCvpiQpaLEPjgIB%2Bx7R1rSc7fmTN9ObKovzMeWs&marketplaceID=ATVPDKIKX0DER&qid=1776149757&ref=sr_st_exact-aware-popularity-rank,1,yes
NicePod-LLC,seller,seller,https://www.amazon.com/s?i=merchant-items&me=AJ6Y7DJI4UPZF&s=exact-aware-popularity-rank&ds=v1%3AHQrhoINAF3IvgVymBmM0%2F8zYLFJ7pM%2FuujWka1kX6Fc&marketplaceID=ATVPDKIKX0DER&qid=1776151892&ref=sr_st_exact-aware-popularity-rank,1,yes
FunGiftsNGoods,seller,seller,https://www.amazon.com/s?i=merchant-items&me=A1Q5NT9THA3OMK&s=exact-aware-popularity-rank&ds=v1%3AEUd7jaVFGN%2FPwaZRHJlMuPKbycpB1VishC1ixc%2FcW%2FU&marketplaceID=ATVPDKIKX0DER&qid=1776151895&ref=sr_st_exact-aware-popularity-rank,1,yes
DXL Trading,seller,seller,https://www.amazon.com/s?i=merchant-items&me=A1XFOKFJ6LIQB&s=exact-aware-popularity-rank&ds=v1%3A4jE1QfUdXuxiIudoXoOGqz3SfYFrbP6Va2eQuRtB3%2Fg&marketplaceID=ATVPDKIKX0DER&qid=1776151898&ref=sr_st_exact-aware-popularity-rank,1,yes
AGift2U,seller,seller,https://www.amazon.com/s?i=merchant-items&me=A2EL5L0GMKT00X&s=exact-aware-popularity-rank&ds=v1%3AfHMDkMCqDlVAJZZSsD%2BFK%2FXLZRrEUFGRvI%2BSVobRG2s&marketplaceID=ATVPDKIKX0DER&qid=1776151971&ref=sr_st_exact-aware-popularity-rank,1,yes
Only Gift 4U,seller,seller,https://www.amazon.com/s?i=merchant-items&me=AP0LRQGNISYZ2&s=exact-aware-popularity-rank&ds=v1%3A%2BBj%2B8wL7QUpff4rQidPI1Q1wfAMgowQcM3Dt82glSKw&marketplaceID=ATVPDKIKX0DER&qid=1776151973&ref=sr_st_exact-aware-popularity-rank,1,yes
BEAUTIFS,seller,seller,https://www.amazon.com/s?i=merchant-items&me=ADBAET893RY0A&s=exact-aware-popularity-rank&ds=v1%3AKe8vCsE1uY3fOehRBvR4feiI7D8s6fkeRci2E66NmGE&marketplaceID=ATVPDKIKX0DER&qid=1776151981&ref=sr_st_exact-aware-popularity-rank,1,yes
Dily Pod,seller,seller,https://www.amazon.com/s?i=merchant-items&me=A1OCNDPMK0L29K&s=exact-aware-popularity-rank&ds=v1%3A3P%2B8RCzucNe7sKaXgMNOVfSOvx6ZX8XppzLtjjpX5SU&marketplaceID=ATVPDKIKX0DER&qid=1776151985&ref=sr_st_exact-aware-popularity-rank,1,yes
TeeTheDay,seller,seller,https://www.amazon.com/s?i=merchant-items&me=A11V9IWXR1EW8C&s=exact-aware-popularity-rank&ds=v1%3AhRZcswStCq016eyfs44rutu%2FLF%2Bj6DVfKkZrxCcFTP8&marketplaceID=ATVPDKIKX0DER&qid=1776152097&ref=sr_st_exact-aware-popularity-rank,1,yes
july17,seller,seller,https://www.amazon.com/s?i=merchant-items&me=AJ8P8BSNENMZA&s=exact-aware-popularity-rank&ds=v1%3A327TbVxfk4v0aR2jsriX2aA68nGdq5EknHeGDtgtGOc&marketplaceID=ATVPDKIKX0DER&qid=1776152100&ref=sr_st_exact-aware-popularity-rank,1,yes
Famiheart,seller,seller,https://www.amazon.com/s?i=merchant-items&me=A1GU2TRTLSZQX4&s=exact-aware-popularity-rank&ds=v1%3AhG3SYZiLqxK4cNSLeJP2iOqQvrgSfOXJ3T%2FVkA3EWg0&marketplaceID=ATVPDKIKX0DER&qid=1776152103&ref=sr_st_exact-aware-popularity-rank,1,yes
LBB Trading,seller,seller,https://www.amazon.com/s?i=merchant-items&me=A3D2FVIUCX0QRY&s=exact-aware-popularity-rank&ds=v1%3ARtonIjCU68ua8hSvZgLqgUzSjjaLw8N1%2FsWfBw6CWC4&marketplaceID=ATVPDKIKX0DER&qid=1776152167&ref=sr_st_exact-aware-popularity-rank,1,yes
bozota,seller,seller,https://www.amazon.com/s?i=merchant-items&me=A1X47CX4SU1MV0&s=exact-aware-popularity-rank&ds=v1%3A95CLGkLnWjICfzgGSpsq2uwoOWV%2F3MMlF0tKDqq1BNY&marketplaceID=ATVPDKIKX0DER&qid=1776152173&ref=sr_st_exact-aware-popularity-rank,1,yes
FLYTOSKY,seller,seller,https://www.amazon.com/s?i=merchant-items&me=A1CNBPST728DFG&s=exact-aware-popularity-rank&ds=v1%3A%2F7XlqXgp0NUA1f3Mb3GFoW9EHHmrDdVUn%2FVv2mf%2FzBo&marketplaceID=ATVPDKIKX0DER&qid=1776152177&ref=sr_st_exact-aware-popularity-rank,1,yes
Poppop Store,seller,seller,https://www.amazon.com/s?i=merchant-items&me=A1WB2X9EGOJ0X9&s=exact-aware-popularity-rank&ds=v1%3AZaFfFXav1RKD0rD06Wmrx1YE%2BodknHiKb%2B4fPIyQPME&marketplaceID=ATVPDKIKX0DER&qid=1776152247&ref=sr_st_exact-aware-popularity-rank,1,yes
Leme Order,seller,seller,https://www.amazon.com/s?i=merchant-items&me=A1A28UE9ARYDSX&s=exact-aware-popularity-rank&ds=v1%3AH8yYAj2nYimeS4E%2FTKwuP%2BX0EfoezCATg8Ghnsles88&marketplaceID=ATVPDKIKX0DER&qid=1776152265&ref=sr_st_exact-aware-popularity-rank,1,yes
LullabyMall,seller,seller,https://www.amazon.com/s?i=merchant-items&me=AWCG95Z1PRNMJ&s=exact-aware-popularity-rank&ds=v1%3ANjgTmciY5kpIzBwjWoAJRChs3GD%2FCaGu2Hgz%2FObaPy8&marketplaceID=ATVPDKIKX0DER&qid=1776152288&ref=sr_st_exact-aware-popularity-rank,1,yes
POLIFY,seller,seller,https://www.amazon.com/s?i=merchant-items&me=A2EE0SSLB7X91Q&s=exact-aware-popularity-rank&ds=v1%3AlPGwADyBMF0FYR1NlEyNlqFr4urA7yd31RbjIaWjQc4&marketplaceID=ATVPDKIKX0DER&qid=1776152305&ref=sr_st_exact-aware-popularity-rank,1,yes
HUCAO,seller,seller,https://www.amazon.com/s?i=merchant-items&me=A2B9DZ8JGHNNVQ&s=exact-aware-popularity-rank&ds=v1%3Acs6EzKhYrdF%2B8VZiUuMNEkPCtv%2FuQrc1X1av%2FLriRo8&marketplaceID=ATVPDKIKX0DER&qid=1777949535&ref=sr_st_exact-aware-popularity-rank,1,yes
MABUSHOP,seller,seller,https://www.amazon.com/s?i=merchant-items&me=A1BWPA8CM4JL9L&s=exact-aware-popularity-rank&ds=v1%3AgbDO8PfGD8gdLbr7wP6jo434uYAn%2Fky%2BG2dHFqjxMgQ&marketplaceID=ATVPDKIKX0DER&qid=1777949777&ref=sr_st_exact-aware-popularity-rank,1,yes
Mugs Best Sellers,best_seller,best_seller,https://www.amazon.com/gp/bestsellers/kitchen/367142011/ref=pd_zg_hrsr_kitchen,1,yes
Novelty Coffee Mugs Best Sellers,best_seller,best_seller,https://www.amazon.com/gp/bestsellers/kitchen/9302388011/ref=pd_zg_hrsr_kitchen,1,yes
Insulated Tumblers Best Sellers,best_seller,best_seller,https://www.amazon.com/gp/bestsellers/kitchen/21613423011/ref=pd_zg_hrsr_kitchen,1,yes
Tumblers & Water Glasses Best Sellers,best_seller,best_seller,https://www.amazon.com/gp/bestsellers/kitchen/13218451/ref=pd_zg_hrsr_kitchen,1,yes
Decorative Signs & Plaques Best Sellers,best_seller,best_seller,https://www.amazon.com/gp/bestsellers/home-garden/19201448011/ref=pd_zg_hrsr_home-garden,1,yes
Men's Novelty T-Shirts Best Sellers,best_seller,best_seller,https://www.amazon.com/gp/bestsellers/fashion/9056987011/ref=pd_zg_hrsr_fashion,1,yes
Old Fashioned Glasses Best Sellers,best_seller,best_seller,https://www.amazon.com/gp/bestsellers/kitchen/13218331/ref=pd_zg_hrsr_kitchen,1,yes
Women's Novelty T-Shirts Best Sellers,best_seller,best_seller,https://www.amazon.com/gp/bestsellers/fashion/9056923011/ref=pd_zg_hrsr_fashion,1,yes
Jewelry Trays Best Sellers,best_seller,best_seller,https://www.amazon.com/gp/bestsellers/fashion/16350351/ref=pd_zg_hrsr_fashion,1,yes
Jewelry Trays New Releases,new_release,new_release,https://www.amazon.com/gp/new-releases/fashion/16350351/ref=zg_bs_tab_t_fashion_bsnr,1,yes
Decorative Hanging Ornaments Best Sellers,best_seller,best_seller,https://www.amazon.com/gp/bestsellers/home-garden/3735081/ref=pd_zg_hrsr_home-garden,1,yes
Decorative Hanging Ornaments New Releases,new_release,new_release,https://www.amazon.com/gp/new-releases/home-garden/3735081/ref=zg_bs_tab_t_home-garden_bsnr,1,yes
Wrappiness,seller,seller,https://www.amazon.com/s?i=merchant-items&me=A1PCU8P64JFCQ2&s=exact-aware-popularity-rank&ds=v1%3AeLRPnwbnpI7ps5UqRinHyQyUBRT7h5IvPWVj20sZra4&marketplaceID=ATVPDKIKX0DER&qid=1781575323&ref=sr_st_exact-aware-popularity-rank,1,yes
Men's Baseball Caps Best Sellers,best_seller,best_seller,https://www.amazon.com/gp/bestsellers/fashion/2474996011/ref=pd_zg_hrsr_fashion,1,yes
Men's Baseball Caps New Releases,new_release,new_release,https://www.amazon.com/gp/new-releases/fashion/2474996011/ref=zg_bs_tab_t_fashion_bsnr,1,yes
Women's Novelty Baseball Caps Best Sellers,best_seller,best_seller,https://www.amazon.com/gp/bestsellers/fashion/9056972011/ref=pd_zg_hrsr_fashion,1,yes
Novelty Drinking Glasses Best Sellers,best_seller,best_seller,https://www.amazon.com/gp/bestsellers/kitchen/9302403011/ref=pd_zg_hrsr_kitchen,1,yes
Novelty Drinking Glasses New Releases,new_release,new_release,https://www.amazon.com/gp/new-releases/kitchen/9302403011/ref=zg_bs_tab_t_kitchen_bsnr,1,yes
NTBN Trading LLC,seller,seller,https://www.amazon.com/s?i=merchant-items&me=A3N5XVP1M3R7X7&s=exact-aware-popularity-rank&ds=v1%3A3uJRlxzXJpTZOe0lLvlTyTaUl05WnUBlpLdML9QGS8I&marketplaceID=ATVPDKIKX0DER&qid=1781575930&ref=sr_st_exact-aware-popularity-rank,1,yes
Handmade Home Decor Best Sellers,best_seller,best_seller,https://www.amazon.com/gp/bestsellers/handmade/121190508011/ref=pd_zg_hrsr_handmade,1,yes
Men's Novelty Socks Best Sellers,best_seller,best_seller,https://www.amazon.com/gp/bestsellers/fashion/9056998011/ref=pd_zg_hrsr_fashion,1,yes
Love Signal,seller,seller,https://www.amazon.com/s?i=merchant-items&me=A2HPAAHAS76S1D&s=exact-aware-popularity-rank&ds=v1%3AeRktoH6jCXaKI7ffahXLHWDnYa1jjqBkxF%2BjTQGJvbw&marketplaceID=ATVPDKIKX0DER&qid=1781576953&ref=sr_st_exact-aware-popularity-rank,1,yes
DATY SHOP,seller,seller,https://www.amazon.com/s?i=merchant-items&me=A3D5Y7TXTTDL7C&s=exact-aware-popularity-rank&ds=v1%3AQCouYxwNHpLCRERClpwnLzbXWOsVL7bYmDuoDoBskg8&marketplaceID=ATVPDKIKX0DER&qid=1782528260&ref=sr_st_exact-aware-popularity-rank,1,yes
Novelty Coffee Mugs New Releases,new_release,new_release,https://www.amazon.com/gp/new-releases/kitchen/9302388011/ref=zg_bs_tab_t_kitchen_bsnr,1,yes
Women's Novelty T-ShirtsNew Releases,new_release,new_release,https://www.amazon.com/gp/new-releases/fashion/9056923011/ref=zg_bs_tab_t_fashion_bsnr,1,yes
Insulated Tumblers New Releases,new_release,new_release,https://www.amazon.com/gp/new-releases/kitchen/21613423011/ref=zg_bs_tab_t_kitchen_bsnr,1,yes
Decorative Signs & Plaques New Releases,new_release,new_release,https://www.amazon.com/gp/new-releases/home-garden/19201448011/ref=zg_bs_tab_t_home-garden_bsnr,1,yes
Men's Novelty T-Shirts New Releases,new_release,new_release,https://www.amazon.com/gp/new-releases/fashion/9056987011/ref=zg_bs_tab_t_fashion_bsnr,1,yes
Women's Novelty Baseball Caps New Releases,new_release,new_release,https://www.amazon.com/gp/new-releases/fashion/9056972011/ref=zg_bs_tab_t_fashion_bsnr,1,yes
Handmade Home Decor New Releases,new_release,new_release,https://www.amazon.com/gp/new-releases/handmade/121190508011/ref=zg_bs_tab_t_handmade_bsnr,1,yes
Men's Novelty Socks New Releases,new_release,new_release,https://www.amazon.com/gp/new-releases/fashion/9056998011/ref=zg_bs_tab_t_fashion_bsnr,1,yes
Women's Soccer Jerseys Best Sellers,best_seller,best_seller,https://www.amazon.com/gp/bestsellers/fashion/2371132011/ref=pd_zg_hrsr_fashion,1,yes
Women's Soccer Jerseys New Releases,new_release,new_release,https://www.amazon.com/gp/new-releases/fashion/2371132011/ref=zg_bs_tab_t_fashion_bsnr,1,yes
Men's Soccer Jerseys Best Sellers,best_seller,best_seller,https://www.amazon.com/gp/bestsellers/fashion/2420242011/ref=pd_zg_hrsr_fashion,1,yes
Men's Soccer Jerseys New Releases,new_release,new_release,https://www.amazon.com/gp/new-releases/fashion/2420242011/ref=zg_bs_tab_t_fashion_bsnr,1,yes
Men's Baseball Jerseys Best Sellers,best_seller,best_seller,https://www.amazon.com/gp/bestsellers/fashion/19574765011/ref=pd_zg_hrsr_fashion,1,yes
Men's Baseball Jerseys New Releases,new_release,new_release,https://www.amazon.com/gp/new-releases/fashion/19574765011/ref=zg_bs_tab_t_fashion_bsnr,1,yes
Outdoor Flags & Banners Best Sellers,best_seller,best_seller,https://www.amazon.com/gp/bestsellers/lawn-garden/553792/ref=pd_zg_hrsr_lawn-garden,1,yes
Outdoor Flags & Banners New Releases,new_release,new_release,https://www.amazon.com/gp/new-releases/lawn-garden/553792/ref=zg_bs_tab_t_lawn-garden_bsnr,1,yes
Men's Novelty Button-Down Shirts Best Sellers,best_seller,best_seller,https://www.amazon.com/gp/bestsellers/fashion/9056990011/ref=pd_zg_hrsr_fashion,1,yes
Men's Novelty Button-Down Shirts New Releases,new_release,new_release,https://www.amazon.com/gp/new-releases/fashion/9056990011/ref=zg_bs_tab_t_fashion_bsnr,1,yes
Outdoor DoormatsBest Sellers,best_seller,best_seller,https://www.amazon.com/gp/bestsellers/lawn-garden/3742271/ref=pd_zg_hrsr_lawn-garden,1,yes
Outdoor DoormatsNew Releases,new_release,new_release,https://www.amazon.com/gp/new-releases/lawn-garden/3742271/ref=zg_bs_tab_t_lawn-garden_bsnr,1,yes
